Name,Sweep (T1),,,Name,Sweep (T2),,,
Date,02/13/2025,,,Date,02/13/2025,,,
Time,17:29:54,,,Time,17:29:54,,,
LATITUDE,0,0,0.000,,LATITUDE,0,0,0.000,,
LONGITUDE,0,0,0.000,,LONGITUDE,0,0,0.000,,
ALTITUDE,0.0,,ALTITUDE,0.0,,
Instrument,FPH - 103490/026,,,Instrument,FPH - 103490/026,,,
Firmware Version,V2.40,,,Firmware Version,V2.40,,,
Country of Origin,Malaysia,,,Country of Origin,Malaysia,,,
Instrument Mode,Spectrum Analyzer,,,Instrument Mode,Spectrum Analyzer,,,
Meas Mode,Spectrum,,,Meas Mode,Spectrum,,,
Uplink,- - -,,,Uplink,- - -,,,
Downlink,- - -,,,Downlink,- - -,,,
Channel,- - -,,,Channel,- - -,,,
Center Frequency,825000000,Hz,,Center Frequency,825000000,Hz,,
Frequency Offset,0,Hz,,Frequency Offset,0,Hz,,
Span,1550000000,Hz,,Span,1550000000,Hz,,
Ref Level,-40,dBm,,Ref Level,-40,dBm,,
Ref Offset,0,dB,,Ref Offset,0,dB,,
Ref Position,1.00 ,,,Ref Position,1.00 ,,,
Range,100,dB,,Range,100,dB,,
RF Attenuation,Auto Low Noise,,,RF Attenuation,Auto Low Noise,,,
RF Attenuator,0,dB,,RF Attenuator,0,dB,,
Pre-Amplifier,Off,,,Pre-Amplifier,Off,,,
RF Input,50 Ω,,,RF Input,50 Ω,,,
RBW,3000,Hz,,RBW,3000,Hz,,
VBW,3000,Hz,,VBW,3000,Hz,,
SWT,8,s,,SWT,8,s,,
Trigger Mode,Free Run,,,Trigger Mode,Free Run,,,
Trigger Level,- - -,,,Trigger Level,- - -,,,
Trigger Delay,- - -,,,Trigger Delay,- - -,,,
Trace Mode,Max Hold,,,Trace Mode,Average,,,
Trace Math,Off,,,Trace Math,Off,,,
Trace Detector,Sample,,,Trace Detector,Sample,,,
Primary Transducer,- - -,,,Primary Transducer,- - -,,,
Secondary Transducer,- - -,,,Secondary Transducer,- - -,,,
Isotropic Antenna,Off,,,Isotropic Antenna,Off,,,
,,,,Average Count,Sweep 50 of 50,,,
Limit Line 1,- - -,,,Limit Line 1,- - -,,,
Result Limit Line 1,- - -,,,Result Limit Line 1,- - -,,,
Limit Line 2,- - -,,,Limit Line 2,- - -,,,
Result Limit Line 2,- - -,,,Result Limit Line 2,- - -,,,

Frequency [Hz],Magnitude [dBm],,,Frequency [Hz],Magnitude [dBm],,,
50000000,-102.810821533203,,,50000000,-111.242965698242,,,
52183098.5915493,-102.930671691895,,,52183098.5915493,-110.930328369141,,,
54366197.1830986,-104.204208374023,,,54366197.1830986,-111.805168151855,,,
56549295.7746479,-102.414001464844,,,56549295.7746479,-111.872444152832,,,
58732394.3661972,-102.117874145508,,,58732394.3661972,-111.200294494629,,,
60915492.9577465,-103.430114746094,,,60915492.9577465,-112.255218505859,,,
63098591.5492958,-101.052505493164,,,63098591.5492958,-111.773887634277,,,
65281690.1408451,-103.538543701172,,,65281690.1408451,-111.972991943359,,,
67464788.7323944,-103.69603729248,,,67464788.7323944,-111.323616027832,,,
69647887.3239437,-102.984733581543,,,69647887.3239437,-110.707740783691,,,
71830985.915493,-102.144584655762,,,71830985.915493,-110.534255981445,,,
74014084.5070423,-103.188835144043,,,74014084.5070423,-111.095710754395,,,
76197183.0985916,-102.701850891113,,,76197183.0985916,-111.264122009277,,,
78380281.6901408,-101.469192504883,,,78380281.6901408,-111.88988494873,,,
80563380.2816902,-104.213851928711,,,80563380.2816902,-112.018997192383,,,
82746478.8732394,-101.530685424805,,,82746478.8732394,-112.514289855957,,,
84929577.4647887,-103.660034179688,,,84929577.4647887,-112.293678283691,,,
87112676.056338,-101.580909729004,,,87112676.056338,-111.395401000977,,,
89295774.6478873,-104.793998718262,,,89295774.6478873,-111.393348693848,,,
91478873.2394366,-102.468460083008,,,91478873.2394366,-110.730072021484,,,
93661971.8309859,-94.1433868408203,,,93661971.8309859,-105.203323364258,,,
95845070.4225352,-95.6129531860352,,,95845070.4225352,-107.409149169922,,,
98028169.0140845,-82.3815536499023,,,98028169.0140845,-96.3685913085938,,,
100211267.605634,-98.1824798583984,,,100211267.605634,-109.877822875977,,,
102394366.197183,-96.4692840576172,,,102394366.197183,-110.374786376953,,,
104577464.788732,-103.6728515625,,,104577464.788732,-111.075584411621,,,
106760563.380282,-102.377395629883,,,106760563.380282,-111.157585144043,,,
108943661.971831,-99.453483581543,,,108943661.971831,-111.546699523926,,,
111126760.56338,-100.871063232422,,,111126760.56338,-110.010223388672,,,
113309859.15493,-98.039794921875,,,113309859.15493,-110.646110534668,,,
115492957.746479,-99.294303894043,,,115492957.746479,-111.628761291504,,,
117676056.338028,-102.239456176758,,,117676056.338028,-109.012756347656,,,
119859154.929577,-103.719337463379,,,119859154.929577,-109.915596008301,,,
122042253.521127,-98.8386840820313,,,122042253.521127,-109.61646270752,,,
124225352.112676,-103.127670288086,,,124225352.112676,-111.130294799805,,,
126408450.704225,-102.371597290039,,,126408450.704225,-110.94457244873,,,
128591549.295775,-102.25838470459,,,128591549.295775,-111.311210632324,,,
130774647.887324,-102.329299926758,,,130774647.887324,-110.752372741699,,,
132957746.478873,-98.5286560058594,,,132957746.478873,-109.712364196777,,,
135140845.070423,-100.755104064941,,,135140845.070423,-108.007606506348,,,
137323943.661972,-98.0970840454102,,,137323943.661972,-107.558029174805,,,
139507042.253521,-101.013916015625,,,139507042.253521,-108.627937316895,,,
141690140.84507,-100.83561706543,,,141690140.84507,-108.259796142578,,,
143873239.43662,-103.119758605957,,,143873239.43662,-110.965553283691,,,
146056338.028169,-100.973594665527,,,146056338.028169,-109.865936279297,,,
148239436.619718,-101.279541015625,,,148239436.619718,-111.385292053223,,,
150422535.211268,-99.4812698364258,,,150422535.211268,-108.626770019531,,,
152605633.802817,-99.5627212524414,,,152605633.802817,-107.242736816406,,,
154788732.394366,-92.7606430053711,,,154788732.394366,-104.438056945801,,,
156971830.985915,-96.2653427124023,,,156971830.985915,-105.035545349121,,,
159154929.577465,-101.040489196777,,,159154929.577465,-108.625350952148,,,
161338028.169014,-102.615165710449,,,161338028.169014,-109.472999572754,,,
163521126.760563,-102.87767791748,,,163521126.760563,-109.778076171875,,,
165704225.352113,-100.073341369629,,,165704225.352113,-109.628005981445,,,
167887323.943662,-98.4976959228516,,,167887323.943662,-106.494163513184,,,
170070422.535211,-91.4415588378906,,,170070422.535211,-101.428642272949,,,
172253521.126761,-84.6901321411133,,,172253521.126761,-96.640251159668,,,
174436619.71831,-80.301025390625,,,174436619.71831,-92.2743530273438,,,
176619718.309859,-81.4517669677734,,,176619718.309859,-91.8437957763672,,,
178802816.901408,-84.8496932983398,,,178802816.901408,-94.6044692993164,,,
180985915.492958,-84.6420059204102,,,180985915.492958,-96.7203903198242,,,
183169014.084507,-81.9458541870117,,,183169014.084507,-96.1534271240234,,,
185352112.676056,-81.1088180541992,,,185352112.676056,-93.7817001342773,,,
187535211.267606,-85.4805603027344,,,187535211.267606,-95.4973068237305,,,
189718309.859155,-80.1512603759766,,,189718309.859155,-90.434928894043,,,
191901408.450704,-82.1133880615234,,,191901408.450704,-92.3334579467773,,,
194084507.042254,-81.4955139160156,,,194084507.042254,-95.216194152832,,,
196267605.633803,-91.1440811157227,,,196267605.633803,-100.629508972168,,,
198450704.225352,-91.3469161987305,,,198450704.225352,-103.519111633301,,,
200633802.816901,-95.3370666503906,,,200633802.816901,-105.063186645508,,,
202816901.408451,-94.7173385620117,,,202816901.408451,-104.171485900879,,,
205000000,-92.9788360595703,,,205000000,-99.9496307373047,,,
207183098.591549,-90.1239624023438,,,207183098.591549,-99.1385040283203,,,
209366197.183099,-83.6267547607422,,,209366197.183099,-94.5010223388672,,,
211549295.774648,-85.7577514648438,,,211549295.774648,-94.8368682861328,,,
213732394.366197,-88.6997375488281,,,213732394.366197,-95.9057540893555,,,
215915492.957747,-89.8728790283203,,,215915492.957747,-98.6185531616211,,,
218098591.549296,-85.4097900390625,,,218098591.549296,-97.4755096435547,,,
220281690.140845,-89.1592788696289,,,220281690.140845,-99.413200378418,,,
222464788.732394,-87.2024993896484,,,222464788.732394,-98.7040100097656,,,
224647887.323944,-85.0934448242188,,,224647887.323944,-95.4290161132813,,,
226830985.915493,-82.0279235839844,,,226830985.915493,-93.476203918457,,,
229014084.507042,-82.0160140991211,,,229014084.507042,-92.7126541137695,,,
231197183.098592,-81.1015090942383,,,231197183.098592,-94.115119934082,,,
233380281.690141,-85.5571517944336,,,233380281.690141,-93.6301498413086,,,
235563380.28169,-88.9342803955078,,,235563380.28169,-96.7335357666016,,,
237746478.873239,-85.7922897338867,,,237746478.873239,-94.2454071044922,,,
239929577.464789,-83.4169387817383,,,239929577.464789,-96.4610824584961,,,
242112676.056338,-82.4405059814453,,,242112676.056338,-92.8913345336914,,,
244295774.647887,-80.3587341308594,,,244295774.647887,-92.0436553955078,,,
246478873.239437,-79.1602020263672,,,246478873.239437,-89.5766983032227,,,
248661971.830986,-83.4615478515625,,,248661971.830986,-90.5095291137695,,,
250845070.422535,-79.1318206787109,,,250845070.422535,-90.3151473999023,,,
253028169.014085,-81.4371032714844,,,253028169.014085,-91.3660430908203,,,
255211267.605634,-82.1790237426758,,,255211267.605634,-90.8343963623047,,,
257394366.197183,-80.2069702148438,,,257394366.197183,-91.9659957885742,,,
259577464.788732,-80.9650192260742,,,259577464.788732,-90.3536987304688,,,
261760563.380282,-76.7767333984375,,,261760563.380282,-86.9506759643555,,,
263943661.971831,-75.9790420532227,,,263943661.971831,-87.1798706054688,,,
266126760.56338,-71.3025817871094,,,266126760.56338,-83.7233810424805,,,
268309859.15493,-77.9001312255859,,,268309859.15493,-88.0840835571289,,,
270492957.746479,-79.8682022094727,,,270492957.746479,-89.7535171508789,,,
272676056.338028,-82.2096252441406,,,272676056.338028,-92.4180068969727,,,
274859154.929577,-85.0063247680664,,,274859154.929577,-95.3438110351563,,,
277042253.521127,-87.5281295776367,,,277042253.521127,-95.2140884399414,,,
279225352.112676,-84.8388900756836,,,279225352.112676,-94.6766662597656,,,
281408450.704225,-88.2554626464844,,,281408450.704225,-95.6297454833984,,,
283591549.295775,-82.8127593994141,,,283591549.295775,-94.4366989135742,,,
285774647.887324,-81.6872482299805,,,285774647.887324,-93.0031661987305,,,
287957746.478873,-80.6424255371094,,,287957746.478873,-93.3689193725586,,,
290140845.070423,-83.5793914794922,,,290140845.070423,-92.0462417602539,,,
292323943.661972,-81.4705276489258,,,292323943.661972,-90.1478805541992,,,
294507042.253521,-79.1685104370117,,,294507042.253521,-89.7796859741211,,,
296690140.84507,-77.741813659668,,,296690140.84507,-88.5921478271484,,,
298873239.43662,-80.1996231079102,,,298873239.43662,-88.4772720336914,,,
301056338.028169,-80.6555404663086,,,301056338.028169,-88.8459091186523,,,
303239436.619718,-78.7295074462891,,,303239436.619718,-88.4060516357422,,,
305422535.211268,-78.7017974853516,,,305422535.211268,-88.775016784668,,,
307605633.802817,-78.852912902832,,,307605633.802817,-88.4736709594727,,,
309788732.394366,-81.0946807861328,,,309788732.394366,-90.860954284668,,,
311971830.985916,-85.5071258544922,,,311971830.985916,-91.8837661743164,,,
314154929.577465,-83.9455108642578,,,314154929.577465,-92.8676147460938,,,
316338028.169014,-83.4196319580078,,,316338028.169014,-93.2591400146484,,,
318521126.760563,-81.958366394043,,,318521126.760563,-91.80859375,,,
320704225.352113,-81.4462890625,,,320704225.352113,-92.0483856201172,,,
322887323.943662,-81.1368408203125,,,322887323.943662,-91.9260559082031,,,
325070422.535211,-82.1006622314453,,,325070422.535211,-91.1412200927734,,,
327253521.126761,-82.4497680664063,,,327253521.126761,-92.6064910888672,,,
329436619.71831,-81.8096008300781,,,329436619.71831,-93.3855285644531,,,
331619718.309859,-81.6426162719727,,,331619718.309859,-94.4897689819336,,,
333802816.901408,-88.3873443603516,,,333802816.901408,-94.2613754272461,,,
335985915.492958,-88.2632369995117,,,335985915.492958,-96.2391891479492,,,
338169014.084507,-85.4266815185547,,,338169014.084507,-92.6865539550781,,,
340352112.676056,-82.4304733276367,,,340352112.676056,-93.467041015625,,,
342535211.267606,-84.706672668457,,,342535211.267606,-92.9407806396484,,,
344718309.859155,-84.9334335327148,,,344718309.859155,-93.3650817871094,,,
346901408.450704,-83.7676467895508,,,346901408.450704,-93.7793884277344,,,
349084507.042254,-85.6596527099609,,,349084507.042254,-93.0192108154297,,,
351267605.633803,-87.7122344970703,,,351267605.633803,-97.1118240356445,,,
353450704.225352,-90.2676696777344,,,353450704.225352,-98.0818939208984,,,
355633802.816901,-88.9087524414063,,,355633802.816901,-97.9682006835938,,,
357816901.408451,-89.7294540405273,,,357816901.408451,-98.414665222168,,,
360000000,-87.8038940429688,,,360000000,-98.2074432373047,,,
362183098.591549,-87.2981185913086,,,362183098.591549,-95.9011001586914,,,
364366197.183099,-84.5873031616211,,,364366197.183099,-95.7172546386719,,,
366549295.774648,-84.2237091064453,,,366549295.774648,-96.1224594116211,,,
368732394.366197,-84.3060607910156,,,368732394.366197,-96.7519302368164,,,
370915492.957747,-88.7999267578125,,,370915492.957747,-98.3615493774414,,,
373098591.549296,-91.8854217529297,,,373098591.549296,-99.0915298461914,,,
375281690.140845,-90.5500030517578,,,375281690.140845,-98.8485946655273,,,
377464788.732394,-87.8468551635742,,,377464788.732394,-97.949577331543,,,
379647887.323944,-90.4790344238281,,,379647887.323944,-97.3101654052734,,,
381830985.915493,-88.3818511962891,,,381830985.915493,-97.1886825561523,,,
384014084.507042,-90.0796051025391,,,384014084.507042,-96.6625595092773,,,
386197183.098592,-85.6474304199219,,,386197183.098592,-97.7445602416992,,,
388380281.690141,-91.0720672607422,,,388380281.690141,-97.9057846069336,,,
390563380.28169,-89.9188690185547,,,390563380.28169,-98.2636337280273,,,
392746478.873239,-92.4454040527344,,,392746478.873239,-100.15576171875,,,
394929577.464789,-90.0557250976563,,,394929577.464789,-100.108665466309,,,
397112676.056338,-93.3375625610352,,,397112676.056338,-99.9065933227539,,,
399295774.647887,-93.4525527954102,,,399295774.647887,-100.986862182617,,,
401478873.239437,-92.7781066894531,,,401478873.239437,-100.692306518555,,,
403661971.830986,-92.4818725585938,,,403661971.830986,-99.920051574707,,,
405845070.422535,-95.2238540649414,,,405845070.422535,-101.234306335449,,,
408028169.014085,-93.6747741699219,,,408028169.014085,-101.391632080078,,,
410211267.605634,-95.6433029174805,,,410211267.605634,-102.908088684082,,,
412394366.197183,-96.1083602905273,,,412394366.197183,-102.599914550781,,,
414577464.788732,-92.7844848632813,,,414577464.788732,-102.28630065918,,,
416760563.380282,-94.2870712280273,,,416760563.380282,-101.868782043457,,,
418943661.971831,-93.9717178344727,,,418943661.971831,-101.2734375,,,
421126760.56338,-94.7702941894531,,,421126760.56338,-100.97639465332,,,
423309859.15493,-92.6378402709961,,,423309859.15493,-100.453155517578,,,
425492957.746479,-93.2224349975586,,,425492957.746479,-100.135345458984,,,
427676056.338028,-94.7447204589844,,,427676056.338028,-100.791618347168,,,
429859154.929577,-92.6562042236328,,,429859154.929577,-101.021461486816,,,
432042253.521127,-92.1016464233398,,,432042253.521127,-100.84398651123,,,
434225352.112676,-93.8392639160156,,,434225352.112676,-100.373687744141,,,
436408450.704225,-92.9847259521484,,,436408450.704225,-99.4948654174805,,,
438591549.295775,-90.2126846313477,,,438591549.295775,-98.648811340332,,,
440774647.887324,-90.1800384521484,,,440774647.887324,-97.5978088378906,,,
442957746.478873,-78.2422332763672,,,442957746.478873,-97.6233139038086,,,
445140845.070423,-89.7222747802734,,,445140845.070423,-97.3330764770508,,,
447323943.661972,-90.0155487060547,,,447323943.661972,-98.9342803955078,,,
449507042.253521,-90.3484878540039,,,449507042.253521,-98.3805847167969,,,
451690140.84507,-91.0954666137695,,,451690140.84507,-99.5000915527344,,,
453873239.43662,-89.145378112793,,,453873239.43662,-99.0702438354492,,,
456056338.028169,-89.1259460449219,,,456056338.028169,-98.3388900756836,,,
458239436.619718,-88.9629364013672,,,458239436.619718,-97.3404388427734,,,
460422535.211268,-85.8464279174805,,,460422535.211268,-95.7378234863281,,,
462605633.802817,-86.0251846313477,,,462605633.802817,-97.5263366699219,,,
464788732.394366,-90.4170837402344,,,464788732.394366,-98.0240325927734,,,
466971830.985916,-89.510856628418,,,466971830.985916,-96.6782150268555,,,
469154929.577465,-84.5545120239258,,,469154929.577465,-96.6921310424805,,,
471338028.169014,-86.150390625,,,471338028.169014,-96.9999313354492,,,
473521126.760563,-85.8846435546875,,,473521126.760563,-96.4375915527344,,,
475704225.352113,-90.4291152954102,,,475704225.352113,-98.5615463256836,,,
477887323.943662,-90.6284866333008,,,477887323.943662,-99.0413360595703,,,
480070422.535211,-91.1616058349609,,,480070422.535211,-98.6947937011719,,,
482253521.126761,-91.4290924072266,,,482253521.126761,-99.7812805175781,,,
484436619.71831,-91.8502883911133,,,484436619.71831,-99.1003112792969,,,
486619718.309859,-94.1134796142578,,,486619718.309859,-100.176483154297,,,
488802816.901408,-90.1220703125,,,488802816.901408,-99.2912902832031,,,
490985915.492958,-91.5668792724609,,,490985915.492958,-97.3414001464844,,,
493169014.084507,-90.7501373291016,,,493169014.084507,-96.4216613769531,,,
495352112.676056,-87.6617660522461,,,495352112.676056,-97.7308120727539,,,
497535211.267606,-88.8636474609375,,,497535211.267606,-97.0514144897461,,,
499718309.859155,-88.2618103027344,,,499718309.859155,-95.441047668457,,,
501901408.450704,-89.0086822509766,,,501901408.450704,-95.8407745361328,,,
504084507.042254,-91.0882873535156,,,504084507.042254,-97.2087860107422,,,
506267605.633803,-92.4627914428711,,,506267605.633803,-98.9808883666992,,,
508450704.225352,-91.0990447998047,,,508450704.225352,-99.178825378418,,,
510633802.816901,-92.9302291870117,,,510633802.816901,-99.6289367675781,,,
512816901.408451,-91.6929397583008,,,512816901.408451,-99.6274185180664,,,
515000000,-92.8842010498047,,,515000000,-99.0134963989258,,,
517183098.591549,-92.8485641479492,,,517183098.591549,-100.206497192383,,,
519366197.183099,-92.7431259155273,,,519366197.183099,-99.2749633789063,,,
521549295.774648,-92.4880447387695,,,521549295.774648,-99.6622543334961,,,
523732394.366197,-92.6946334838867,,,523732394.366197,-100.531532287598,,,
525915492.957747,-91.9844207763672,,,525915492.957747,-99.7631378173828,,,
528098591.549296,-93.7999496459961,,,528098591.549296,-100.583030700684,,,
530281690.140845,-92.7945251464844,,,530281690.140845,-100.040245056152,,,
532464788.732394,-93.8952789306641,,,532464788.732394,-100.172225952148,,,
534647887.323944,-94.0354080200195,,,534647887.323944,-100.304260253906,,,
536830985.915493,-94.1483764648438,,,536830985.915493,-99.8317260742188,,,
539014084.507042,-92.172607421875,,,539014084.507042,-100.130104064941,,,
541197183.098592,-91.8537445068359,,,541197183.098592,-100.563545227051,,,
543380281.690141,-94.1222305297852,,,543380281.690141,-101.430458068848,,,
545563380.28169,-95.6191177368164,,,545563380.28169,-101.546783447266,,,
547746478.87324,-94.7555618286133,,,547746478.87324,-102.746231079102,,,
549929577.464789,-96.0091094970703,,,549929577.464789,-101.911865234375,,,
552112676.056338,-93.8338317871094,,,552112676.056338,-100.268859863281,,,
554295774.647887,-93.4716415405273,,,554295774.647887,-100.76530456543,,,
556478873.239437,-92.3055725097656,,,556478873.239437,-100.617980957031,,,
558661971.830986,-94.6374969482422,,,558661971.830986,-100.964401245117,,,
560845070.422535,-93.9670333862305,,,560845070.422535,-101.544471740723,,,
563028169.014085,-94.347412109375,,,563028169.014085,-100.526344299316,,,
565211267.605634,-93.839485168457,,,565211267.605634,-100.018844604492,,,
567394366.197183,-96.4082717895508,,,567394366.197183,-101.792282104492,,,
569577464.788732,-94.4500122070313,,,569577464.788732,-102.205772399902,,,
571760563.380282,-95.8037033081055,,,571760563.380282,-101.558258056641,,,
573943661.971831,-95.0652389526367,,,573943661.971831,-100.718467712402,,,
576126760.56338,-93.1422348022461,,,576126760.56338,-99.9626541137695,,,
578309859.15493,-94.1430892944336,,,578309859.15493,-100.768913269043,,,
580492957.746479,-93.7002182006836,,,580492957.746479,-100.626708984375,,,
582676056.338028,-94.8733825683594,,,582676056.338028,-100.740898132324,,,
584859154.929578,-94.7285308837891,,,584859154.929578,-102.286979675293,,,
587042253.521127,-95.2914733886719,,,587042253.521127,-102.076133728027,,,
589225352.112676,-92.8836669921875,,,589225352.112676,-101.002548217773,,,
591408450.704225,-95.5122604370117,,,591408450.704225,-101.088577270508,,,
593591549.295775,-94.3791122436523,,,593591549.295775,-101.286308288574,,,
595774647.887324,-93.8863906860352,,,595774647.887324,-101.200012207031,,,
597957746.478873,-92.7009506225586,,,597957746.478873,-100.756141662598,,,
600140845.070423,-93.3604278564453,,,600140845.070423,-101.054290771484,,,
602323943.661972,-93.7786331176758,,,602323943.661972,-101.587379455566,,,
604507042.253521,-94.9189758300781,,,604507042.253521,-101.847091674805,,,
606690140.84507,-96.4335098266602,,,606690140.84507,-102.416221618652,,,
608873239.43662,-95.7219619750977,,,608873239.43662,-102.566299438477,,,
611056338.028169,-93.5645523071289,,,611056338.028169,-101.503318786621,,,
613239436.619718,-96.0818252563477,,,613239436.619718,-102.202438354492,,,
615422535.211268,-96.7368545532227,,,615422535.211268,-101.230583190918,,,
617605633.802817,-95.3026504516602,,,617605633.802817,-100.556823730469,,,
619788732.394366,-95.2222290039063,,,619788732.394366,-101.755554199219,,,
621971830.985916,-95.8234252929688,,,621971830.985916,-101.760070800781,,,
624154929.577465,-94.3068161010742,,,624154929.577465,-100.943283081055,,,
626338028.169014,-96.0467681884766,,,626338028.169014,-101.811805725098,,,
628521126.760563,-96.9259643554688,,,628521126.760563,-102.455703735352,,,
630704225.352113,-95.0964508056641,,,630704225.352113,-101.003684997559,,,
632887323.943662,-93.4686813354492,,,632887323.943662,-101.000038146973,,,
635070422.535211,-95.1407852172852,,,635070422.535211,-101.681144714355,,,
637253521.126761,-94.7336502075195,,,637253521.126761,-100.34204864502,,,
639436619.71831,-94.7030410766602,,,639436619.71831,-101.31127166748,,,
641619718.309859,-95.5889053344727,,,641619718.309859,-101.815208435059,,,
643802816.901408,-95.7135314941406,,,643802816.901408,-102.529479980469,,,
645985915.492958,-94.3037185668945,,,645985915.492958,-102.132766723633,,,
648169014.084507,-94.8603897094727,,,648169014.084507,-101.699913024902,,,
650352112.676056,-95.7679214477539,,,650352112.676056,-101.58869934082,,,
652535211.267606,-93.9914398193359,,,652535211.267606,-101.390075683594,,,
654718309.859155,-94.3422393798828,,,654718309.859155,-100.926055908203,,,
656901408.450704,-93.3569488525391,,,656901408.450704,-99.9099044799805,,,
659084507.042254,-93.2351760864258,,,659084507.042254,-100.335525512695,,,
661267605.633803,-94.588737487793,,,661267605.633803,-101.579231262207,,,
663450704.225352,-93.6502838134766,,,663450704.225352,-100.80834197998,,,
665633802.816901,-92.6458511352539,,,665633802.816901,-100.32421875,,,
667816901.408451,-93.9932250976563,,,667816901.408451,-101.017723083496,,,
670000000,-93.39306640625,,,670000000,-100.190452575684,,,
672183098.591549,-93.1498641967773,,,672183098.591549,-100.164680480957,,,
674366197.183099,-92.237434387207,,,674366197.183099,-100.806419372559,,,
676549295.774648,-92.6403350830078,,,676549295.774648,-100.370162963867,,,
678732394.366197,-91.2953796386719,,,678732394.366197,-99.7146301269531,,,
680915492.957747,-92.4291458129883,,,680915492.957747,-99.1288681030273,,,
683098591.549296,-93.9826354980469,,,683098591.549296,-100.483039855957,,,
685281690.140845,-93.0870361328125,,,685281690.140845,-100.555816650391,,,
687464788.732394,-93.0118789672852,,,687464788.732394,-100.116203308105,,,
689647887.323944,-91.318962097168,,,689647887.323944,-99.3984832763672,,,
691830985.915493,-90.0387878417969,,,691830985.915493,-99.1469955444336,,,
694014084.507042,-94.1229782104492,,,694014084.507042,-100.894287109375,,,
696197183.098592,-95.187126159668,,,696197183.098592,-100.602317810059,,,
698380281.690141,-93.9812393188477,,,698380281.690141,-101.055107116699,,,
700563380.28169,-93.9235000610352,,,700563380.28169,-101.75,,,
702746478.87324,-94.8263854980469,,,702746478.87324,-100.497352600098,,,
704929577.464789,-94.1585998535156,,,704929577.464789,-100.804748535156,,,
707112676.056338,-93.9454650878906,,,707112676.056338,-100.743370056152,,,
709295774.647887,-94.8832397460938,,,709295774.647887,-100.425086975098,,,
711478873.239437,-94.0785598754883,,,711478873.239437,-100.920921325684,,,
713661971.830986,-94.5270538330078,,,713661971.830986,-101.577369689941,,,
715845070.422535,-93.8300323486328,,,715845070.422535,-101.359001159668,,,
718028169.014085,-95.5954895019531,,,718028169.014085,-101.629508972168,,,
720211267.605634,-95.2139587402344,,,720211267.605634,-102.358375549316,,,
722394366.197183,-95.526252746582,,,722394366.197183,-101.820533752441,,,
724577464.788732,-95.7063674926758,,,724577464.788732,-101.391250610352,,,
726760563.380282,-95.5572814941406,,,726760563.380282,-101.23169708252,,,
728943661.971831,-95.8870315551758,,,728943661.971831,-101.398025512695,,,
731126760.56338,-95.3771667480469,,,731126760.56338,-101.598411560059,,,
733309859.15493,-93.2750473022461,,,733309859.15493,-101.016120910645,,,
735492957.746479,-93.7286758422852,,,735492957.746479,-100.801422119141,,,
737676056.338028,-97.3272476196289,,,737676056.338028,-101.669479370117,,,
739859154.929577,-96.7909927368164,,,739859154.929577,-101.425628662109,,,
742042253.521127,-95.3843002319336,,,742042253.521127,-101.578948974609,,,
744225352.112676,-96.1170501708984,,,744225352.112676,-101.906051635742,,,
746408450.704225,-93.9691009521484,,,746408450.704225,-101.209411621094,,,
748591549.295775,-94.9564056396484,,,748591549.295775,-101.327507019043,,,
750774647.887324,-95.4339752197266,,,750774647.887324,-102.381462097168,,,
752957746.478873,-96.0655670166016,,,752957746.478873,-102.237419128418,,,
755140845.070423,-95.7941970825195,,,755140845.070423,-101.311492919922,,,
757323943.661972,-96.2442474365234,,,757323943.661972,-101.450119018555,,,
759507042.253521,-94.9472351074219,,,759507042.253521,-101.989654541016,,,
761690140.84507,-96.2473373413086,,,761690140.84507,-102.333923339844,,,
763873239.43662,-96.3267822265625,,,763873239.43662,-102.322624206543,,,
766056338.028169,-94.6959609985352,,,766056338.028169,-102.346809387207,,,
768239436.619718,-94.8040390014648,,,768239436.619718,-102.194847106934,,,
770422535.211268,-94.9805679321289,,,770422535.211268,-101.331588745117,,,
772605633.802817,-95.5939254760742,,,772605633.802817,-100.594505310059,,,
774788732.394366,-89.6870956420898,,,774788732.394366,-100.163116455078,,,
776971830.985916,-92.4875869750977,,,776971830.985916,-100.571853637695,,,
779154929.577465,-92.5953598022461,,,779154929.577465,-100.919677734375,,,
781338028.169014,-94.2348022460938,,,781338028.169014,-100.04850769043,,,
783521126.760563,-92.1283416748047,,,783521126.760563,-98.684440612793,,,
785704225.352113,-93.2272872924805,,,785704225.352113,-99.1903228759766,,,
787887323.943662,-91.6931228637695,,,787887323.943662,-99.4592361450195,,,
790070422.535211,-92.1380081176758,,,790070422.535211,-99.8817977905273,,,
792253521.126761,-93.9988479614258,,,792253521.126761,-99.9925231933594,,,
794436619.71831,-94.4085998535156,,,794436619.71831,-98.7561416625977,,,
796619718.309859,-93.6010284423828,,,796619718.309859,-100.105270385742,,,
798802816.901409,-94.2606735229492,,,798802816.901409,-101.137702941895,,,
800985915.492958,-95.5126953125,,,800985915.492958,-101.293327331543,,,
803169014.084507,-95.6552658081055,,,803169014.084507,-102.381462097168,,,
805352112.676056,-97.071647644043,,,805352112.676056,-103.067695617676,,,
807535211.267606,-95.3977813720703,,,807535211.267606,-102.571281433105,,,
809718309.859155,-95.8881149291992,,,809718309.859155,-102.105751037598,,,
811901408.450704,-95.6625823974609,,,811901408.450704,-101.93138885498,,,
814084507.042254,-94.4869842529297,,,814084507.042254,-101.840255737305,,,
816267605.633803,-95.4962463378906,,,816267605.633803,-102.339813232422,,,
818450704.225352,-95.2550659179688,,,818450704.225352,-103.034103393555,,,
820633802.816901,-96.7622833251953,,,820633802.816901,-103.077751159668,,,
822816901.408451,-96.0084915161133,,,822816901.408451,-102.519538879395,,,
825000000,-94.5904083251953,,,825000000,-101.952850341797,,,
827183098.591549,-94.9694900512695,,,827183098.591549,-101.909523010254,,,
829366197.183099,-95.7034530639648,,,829366197.183099,-102.047744750977,,,
831549295.774648,-95.7349548339844,,,831549295.774648,-102.244186401367,,,
833732394.366197,-95.3922500610352,,,833732394.366197,-101.900856018066,,,
835915492.957747,-95.9354782104492,,,835915492.957747,-102.482833862305,,,
838098591.549296,-95.2958984375,,,838098591.549296,-103.262229919434,,,
840281690.140845,-96.6857757568359,,,840281690.140845,-102.639549255371,,,
842464788.732394,-97.1232223510742,,,842464788.732394,-102.188430786133,,,
844647887.323944,-96.8069000244141,,,844647887.323944,-102.100982666016,,,
846830985.915493,-96.0099029541016,,,846830985.915493,-101.550178527832,,,
849014084.507042,-94.9344177246094,,,849014084.507042,-101.588554382324,,,
851197183.098592,-96.6527404785156,,,851197183.098592,-102.802886962891,,,
853380281.690141,-95.0829086303711,,,853380281.690141,-102.584434509277,,,
855563380.28169,-96.6208267211914,,,855563380.28169,-102.852317810059,,,
857746478.87324,-98.1847076416016,,,857746478.87324,-103.660545349121,,,
859929577.464789,-95.5014038085938,,,859929577.464789,-103.314414978027,,,
862112676.056338,-95.8843154907227,,,862112676.056338,-102.915908813477,,,
864295774.647887,-95.8793563842773,,,864295774.647887,-102.197418212891,,,
866478873.239437,-94.4560623168945,,,866478873.239437,-101.528419494629,,,
868661971.830986,-93.8870391845703,,,868661971.830986,-99.5169219970703,,,
870845070.422535,-91.4209289550781,,,870845070.422535,-98.5658874511719,,,
873028169.014085,-92.0304946899414,,,873028169.014085,-98.8636322021484,,,
875211267.605634,-88.5466766357422,,,875211267.605634,-98.9761657714844,,,
877394366.197183,-93.9397506713867,,,877394366.197183,-100.600250244141,,,
879577464.788732,-94.4232788085938,,,879577464.788732,-101.307151794434,,,
881760563.380282,-92.9978561401367,,,881760563.380282,-100.640007019043,,,
883943661.971831,-94.4420471191406,,,883943661.971831,-100.233543395996,,,
886126760.56338,-92.8454360961914,,,886126760.56338,-99.3838272094727,,,
888309859.15493,-94.8039474487305,,,888309859.15493,-99.8616409301758,,,
890492957.746479,-93.6973419189453,,,890492957.746479,-100.900840759277,,,
892676056.338028,-95.3869323730469,,,892676056.338028,-101.83251953125,,,
894859154.929577,-94.9602203369141,,,894859154.929577,-101.728515625,,,
897042253.521127,-95.2422256469727,,,897042253.521127,-101.53596496582,,,
899225352.112676,-94.983039855957,,,899225352.112676,-102.061729431152,,,
901408450.704225,-95.1637573242188,,,901408450.704225,-101.668601989746,,,
903591549.295775,-94.4394226074219,,,903591549.295775,-101.425201416016,,,
905774647.887324,-93.7044143676758,,,905774647.887324,-101.227081298828,,,
907957746.478873,-96.0178451538086,,,907957746.478873,-100.947418212891,,,
910140845.070423,-95.8313369750977,,,910140845.070423,-101.239677429199,,,
912323943.661972,-94.5865097045898,,,912323943.661972,-101.959861755371,,,
914507042.253521,-96.8456954956055,,,914507042.253521,-102.173606872559,,,
916690140.84507,-95.2669677734375,,,916690140.84507,-101.67236328125,,,
918873239.43662,-95.7842178344727,,,918873239.43662,-102.27604675293,,,
921056338.028169,-96.7753829956055,,,921056338.028169,-102.665374755859,,,
923239436.619718,-95.4989471435547,,,923239436.619718,-102.33177947998,,,
925422535.211268,-95.4758224487305,,,925422535.211268,-102.274436950684,,,
927605633.802817,-96.6005859375,,,927605633.802817,-102.063484191895,,,
929788732.394366,-95.5589752197266,,,929788732.394366,-102.000938415527,,,
931971830.985916,-94.8945236206055,,,931971830.985916,-101.658294677734,,,
934154929.577465,-96.5765991210938,,,934154929.577465,-102.122093200684,,,
936338028.169014,-97.95849609375,,,936338028.169014,-103.068626403809,,,
938521126.760563,-97.5462799072266,,,938521126.760563,-103.390663146973,,,
940704225.352113,-97.3573150634766,,,940704225.352113,-102.467384338379,,,
942887323.943662,-95.2568054199219,,,942887323.943662,-101.696006774902,,,
945070422.535211,-94.2073593139648,,,945070422.535211,-101.877265930176,,,
947253521.126761,-93.071159362793,,,947253521.126761,-101.984367370605,,,
949436619.71831,-95.2602233886719,,,949436619.71831,-101.861129760742,,,
951619718.309859,-94.868034362793,,,951619718.309859,-101.593475341797,,,
953802816.901409,-96.9308166503906,,,953802816.901409,-102.430282592773,,,
955985915.492958,-97.1385116577148,,,955985915.492958,-103.212440490723,,,
958169014.084507,-97.4481735229492,,,958169014.084507,-102.735000610352,,,
960352112.676056,-98.0904922485352,,,960352112.676056,-102.686424255371,,,
962535211.267606,-94.4884490966797,,,962535211.267606,-102.149063110352,,,
964718309.859155,-95.7312622070313,,,964718309.859155,-101.564880371094,,,
966901408.450704,-94.2612838745117,,,966901408.450704,-101.228164672852,,,
969084507.042254,-95.6085662841797,,,969084507.042254,-101.335006713867,,,
971267605.633803,-96.9109878540039,,,971267605.633803,-101.826751708984,,,
973450704.225352,-95.7390441894531,,,973450704.225352,-102.284706115723,,,
975633802.816901,-95.9112396240234,,,975633802.816901,-103.192375183105,,,
977816901.408451,-97.5647201538086,,,977816901.408451,-103.103363037109,,,
980000000,-96.0391006469727,,,980000000,-102.453018188477,,,
982183098.591549,-96.608642578125,,,982183098.591549,-102.269630432129,,,
984366197.183099,-95.5696640014648,,,984366197.183099,-102.362510681152,,,
986549295.774648,-95.5647201538086,,,986549295.774648,-102.292945861816,,,
988732394.366197,-94.1616592407227,,,988732394.366197,-102.542831420898,,,
990915492.957747,-94.6146545410156,,,990915492.957747,-102.584045410156,,,
993098591.549296,-93.3861541748047,,,993098591.549296,-102.75023651123,,,
995281690.140845,-96.0709075927734,,,995281690.140845,-101.943428039551,,,
997464788.732394,-96.3945236206055,,,997464788.732394,-102.648582458496,,,
999647887.323944,-95.8117065429688,,,999647887.323944,-102.741188049316,,,
1001830985.91549,-96.661491394043,,,1001830985.91549,-102.52946472168,,,
1004014084.50704,-96.2961730957031,,,1004014084.50704,-102.099189758301,,,
1006197183.09859,-95.6228790283203,,,1006197183.09859,-101.672859191895,,,
1008380281.69014,-93.9904479980469,,,1008380281.69014,-102.427131652832,,,
1010563380.28169,-96.4359283447266,,,1010563380.28169,-102.638961791992,,,
1012746478.87324,-95.6355361938477,,,1012746478.87324,-103.721473693848,,,
1014929577.46479,-96.3792037963867,,,1014929577.46479,-102.836120605469,,,
1017112676.05634,-96.8057632446289,,,1017112676.05634,-102.29052734375,,,
1019295774.64789,-94.428108215332,,,1019295774.64789,-101.993988037109,,,
1021478873.23944,-94.9214630126953,,,1021478873.23944,-101.881683349609,,,
1023661971.83099,-95.1863555908203,,,1023661971.83099,-102.103645324707,,,
1025845070.42254,-96.1279830932617,,,1025845070.42254,-102.042930603027,,,
1028028169.01408,-96.7794570922852,,,1028028169.01408,-102.032234191895,,,
1030211267.60563,-95.4828720092773,,,1030211267.60563,-101.971282958984,,,
1032394366.19718,-95.6723480224609,,,1032394366.19718,-102.944297790527,,,
1034577464.78873,-95.2468719482422,,,1034577464.78873,-102.876091003418,,,
1036760563.38028,-94.5171508789063,,,1036760563.38028,-102.628082275391,,,
1038943661.97183,-92.6072998046875,,,1038943661.97183,-101.729591369629,,,
1041126760.56338,-95.7799530029297,,,1041126760.56338,-101.047653198242,,,
1043309859.15493,-96.7034301757813,,,1043309859.15493,-100.844306945801,,,
1045492957.74648,-95.6155776977539,,,1045492957.74648,-101.674407958984,,,
1047676056.33803,-97.8254470825195,,,1047676056.33803,-102.506317138672,,,
1049859154.92958,-96.5248718261719,,,1049859154.92958,-102.409469604492,,,
1052042253.52113,-96.2020568847656,,,1052042253.52113,-102.38355255127,,,
1054225352.11268,-95.9089736938477,,,1054225352.11268,-103.43928527832,,,
1056408450.70423,-97.5189361572266,,,1056408450.70423,-103.378349304199,,,
1058591549.29577,-96.1180114746094,,,1058591549.29577,-102.697174072266,,,
1060774647.88732,-96.7128829956055,,,1060774647.88732,-102.281135559082,,,
1062957746.47887,-96.2759704589844,,,1062957746.47887,-102.814765930176,,,
1065140845.07042,-96.3395156860352,,,1065140845.07042,-103.096343994141,,,
1067323943.66197,-95.8877716064453,,,1067323943.66197,-102.497177124023,,,
1069507042.25352,-96.1302947998047,,,1069507042.25352,-102.761367797852,,,
1071690140.84507,-96.1322402954102,,,1071690140.84507,-102.354637145996,,,
1073873239.43662,-95.4945678710938,,,1073873239.43662,-102.125732421875,,,
1076056338.02817,-95.9717025756836,,,1076056338.02817,-102.002571105957,,,
1078239436.61972,-95.1091537475586,,,1078239436.61972,-101.954772949219,,,
1080422535.21127,-95.3144073486328,,,1080422535.21127,-101.139129638672,,,
1082605633.80282,-95.7178192138672,,,1082605633.80282,-101.99885559082,,,
1084788732.39437,-95.9543991088867,,,1084788732.39437,-102.630920410156,,,
1086971830.98592,-95.1182861328125,,,1086971830.98592,-102.329368591309,,,
1089154929.57746,-96.0124206542969,,,1089154929.57746,-102.566329956055,,,
1091338028.16901,-97.321418762207,,,1091338028.16901,-102.942771911621,,,
1093521126.76056,-95.2122192382813,,,1093521126.76056,-102.059921264648,,,
1095704225.35211,-96.0238952636719,,,1095704225.35211,-102.314041137695,,,
1097887323.94366,-96.8122024536133,,,1097887323.94366,-102.35326385498,,,
1100070422.53521,-93.4841232299805,,,1100070422.53521,-102.309860229492,,,
1102253521.12676,-94.6864929199219,,,1102253521.12676,-102.106781005859,,,
1104436619.71831,-93.7479629516602,,,1104436619.71831,-101.502220153809,,,
1106619718.30986,-96.2257766723633,,,1106619718.30986,-101.579795837402,,,
1108802816.90141,-94.1003875732422,,,1108802816.90141,-102.705459594727,,,
1110985915.49296,-96.1671371459961,,,1110985915.49296,-102.810470581055,,,
1113169014.08451,-96.2330093383789,,,1113169014.08451,-102.089752197266,,,
1115352112.67606,-97.1224136352539,,,1115352112.67606,-101.693313598633,,,
1117535211.26761,-94.7274475097656,,,1117535211.26761,-101.405174255371,,,
1119718309.85916,-93.8176422119141,,,1119718309.85916,-101.904357910156,,,
1121901408.4507,-94.8292846679688,,,1121901408.4507,-101.759773254395,,,
1124084507.04225,-95.8393020629883,,,1124084507.04225,-101.335891723633,,,
1126267605.6338,-94.125114440918,,,1126267605.6338,-101.350341796875,,,
1128450704.22535,-96.5620803833008,,,1128450704.22535,-102.112731933594,,,
1130633802.8169,-94.7277297973633,,,1130633802.8169,-102.567268371582,,,
1132816901.40845,-96.4574813842773,,,1132816901.40845,-102.527809143066,,,
1135000000,-95.1614608764648,,,1135000000,-103.335792541504,,,
1137183098.59155,-95.6141357421875,,,1137183098.59155,-101.751525878906,,,
1139366197.1831,-95.1175842285156,,,1139366197.1831,-102.343795776367,,,
1141549295.77465,-94.1315460205078,,,1141549295.77465,-101.676452636719,,,
1143732394.3662,-95.0956344604492,,,1143732394.3662,-102.076385498047,,,
1145915492.95775,-95.6379318237305,,,1145915492.95775,-102.458099365234,,,
1148098591.5493,-96.5130233764648,,,1148098591.5493,-103.123916625977,,,
1150281690.14085,-96.5920867919922,,,1150281690.14085,-102.50895690918,,,
1152464788.73239,-96.3180465698242,,,1152464788.73239,-102.388053894043,,,
1154647887.32394,-97.4582366943359,,,1154647887.32394,-103.157562255859,,,
1156830985.91549,-94.812873840332,,,1156830985.91549,-102.441200256348,,,
1159014084.50704,-95.1760559082031,,,1159014084.50704,-101.949890136719,,,
1161197183.09859,-96.9148559570313,,,1161197183.09859,-102.072059631348,,,
1163380281.69014,-95.1748428344727,,,1163380281.69014,-101.532432556152,,,
1165563380.28169,-92.7828903198242,,,1165563380.28169,-101.617652893066,,,
1167746478.87324,-94.3089370727539,,,1167746478.87324,-101.599716186523,,,
1169929577.46479,-96.4456329345703,,,1169929577.46479,-102.760246276855,,,
1172112676.05634,-97.4592437744141,,,1172112676.05634,-102.444137573242,,,
1174295774.64789,-97.6634521484375,,,1174295774.64789,-102.488174438477,,,
1176478873.23944,-95.1493759155273,,,1176478873.23944,-102.427253723145,,,
1178661971.83099,-95.3329696655273,,,1178661971.83099,-102.048622131348,,,
1180845070.42254,-96.1375122070313,,,1180845070.42254,-102.085670471191,,,
1183028169.01408,-95.3194961547852,,,1183028169.01408,-101.716415405273,,,
1185211267.60563,-97.0173034667969,,,1185211267.60563,-102.748138427734,,,
1187394366.19718,-96.6667098999023,,,1187394366.19718,-103.93408203125,,,
1189577464.78873,-96.8345184326172,,,1189577464.78873,-103.200202941895,,,
1191760563.38028,-97.0478286743164,,,1191760563.38028,-102.887489318848,,,
1193943661.97183,-93.9263916015625,,,1193943661.97183,-103.122276306152,,,
1196126760.56338,-93.5067443847656,,,1196126760.56338,-102.466979980469,,,
1198309859.15493,-95.0923233032227,,,1198309859.15493,-101.861351013184,,,
1200492957.74648,-95.7230529785156,,,1200492957.74648,-102.057327270508,,,
1202676056.33803,-94.0140228271484,,,1202676056.33803,-101.200622558594,,,
1204859154.92958,-94.5964050292969,,,1204859154.92958,-101.917922973633,,,
1207042253.52113,-95.1936569213867,,,1207042253.52113,-101.417633056641,,,
1209225352.11268,-95.4676132202148,,,1209225352.11268,-102.271835327148,,,
1211408450.70423,-94.5171356201172,,,1211408450.70423,-103.232933044434,,,
1213591549.29577,-96.7081298828125,,,1213591549.29577,-102.665863037109,,,
1215774647.88732,-95.6394348144531,,,1215774647.88732,-102.465515136719,,,
1217957746.47887,-96.2760925292969,,,1217957746.47887,-101.69482421875,,,
1220140845.07042,-95.3217163085938,,,1220140845.07042,-101.438056945801,,,
1222323943.66197,-95.0112533569336,,,1222323943.66197,-101.651893615723,,,
1224507042.25352,-95.3735580444336,,,1224507042.25352,-102.644218444824,,,
1226690140.84507,-97.258430480957,,,1226690140.84507,-102.410461425781,,,
1228873239.43662,-96.343864440918,,,1228873239.43662,-103.316757202148,,,
1231056338.02817,-97.0979614257813,,,1231056338.02817,-103.406204223633,,,
1233239436.61972,-97.3013916015625,,,1233239436.61972,-103.172325134277,,,
1235422535.21127,-96.529426574707,,,1235422535.21127,-102.512390136719,,,
1237605633.80282,-92.371467590332,,,1237605633.80282,-102.260719299316,,,
1239788732.39437,-93.8944625854492,,,1239788732.39437,-102.036964416504,,,
1241971830.98592,-95.484245300293,,,1241971830.98592,-102.674621582031,,,
1244154929.57746,-94.2848434448242,,,1244154929.57746,-102.906219482422,,,
1246338028.16901,-95.6911697387695,,,1246338028.16901,-102.836280822754,,,
1248521126.76056,-97.3364562988281,,,1248521126.76056,-103.060699462891,,,
1250704225.35211,-95.4807891845703,,,1250704225.35211,-102.532791137695,,,
1252887323.94366,-95.4763107299805,,,1252887323.94366,-102.963333129883,,,
1255070422.53521,-96.8376235961914,,,1255070422.53521,-102.870597839355,,,
1257253521.12676,-92.9069061279297,,,1257253521.12676,-103.08610534668,,,
1259436619.71831,-93.7388687133789,,,1259436619.71831,-102.231643676758,,,
1261619718.30986,-96.6621704101563,,,1261619718.30986,-102.790748596191,,,
1263802816.90141,-95.3410797119141,,,1263802816.90141,-102.345146179199,,,
1265985915.49296,-94.8771896362305,,,1265985915.49296,-102.533088684082,,,
1268169014.08451,-95.8539123535156,,,1268169014.08451,-102.870399475098,,,
1270352112.67606,-94.3896179199219,,,1270352112.67606,-101.659866333008,,,
1272535211.26761,-95.1006393432617,,,1272535211.26761,-102.375335693359,,,
1274718309.85915,-95.8057022094727,,,1274718309.85915,-102.156051635742,,,
1276901408.4507,-94.2658767700195,,,1276901408.4507,-101.895156860352,,,
1279084507.04225,-94.3503189086914,,,1279084507.04225,-101.264198303223,,,
1281267605.6338,-96.3869400024414,,,1281267605.6338,-102.491592407227,,,
1283450704.22535,-95.9732971191406,,,1283450704.22535,-102.629676818848,,,
1285633802.8169,-95.6788482666016,,,1285633802.8169,-101.610008239746,,,
1287816901.40845,-96.470947265625,,,1287816901.40845,-101.957038879395,,,
1290000000,-95.3481597900391,,,1290000000,-101.326019287109,,,
1292183098.59155,-96.3374862670898,,,1292183098.59155,-102.73974609375,,,
1294366197.1831,-94.8593826293945,,,1294366197.1831,-102.104362487793,,,
1296549295.77465,-93.5894241333008,,,1296549295.77465,-102.222160339355,,,
1298732394.3662,-95.380012512207,,,1298732394.3662,-102.629386901855,,,
1300915492.95775,-96.2448348999023,,,1300915492.95775,-102.082496643066,,,
1303098591.5493,-94.3150253295898,,,1303098591.5493,-102.021507263184,,,
1305281690.14085,-93.8491897583008,,,1305281690.14085,-102.350959777832,,,
1307464788.73239,-95.3124313354492,,,1307464788.73239,-102.205352783203,,,
1309647887.32394,-96.7384185791016,,,1309647887.32394,-102.054725646973,,,
1311830985.91549,-97.1878662109375,,,1311830985.91549,-103.29052734375,,,
1314014084.50704,-96.0719146728516,,,1314014084.50704,-103.433319091797,,,
1316197183.09859,-94.7572708129883,,,1316197183.09859,-102.880821228027,,,
1318380281.69014,-94.9250259399414,,,1318380281.69014,-102.551719665527,,,
1320563380.28169,-95.7024612426758,,,1320563380.28169,-102.379928588867,,,
1322746478.87324,-95.6371231079102,,,1322746478.87324,-101.603927612305,,,
1324929577.46479,-95.4549026489258,,,1324929577.46479,-102.544288635254,,,
1327112676.05634,-95.8331680297852,,,1327112676.05634,-102.336647033691,,,
1329295774.64789,-95.5382843017578,,,1329295774.64789,-102.28288269043,,,
1331478873.23944,-95.8738861083984,,,1331478873.23944,-103.097877502441,,,
1333661971.83099,-95.4911880493164,,,1333661971.83099,-102.224098205566,,,
1335845070.42254,-95.0264434814453,,,1335845070.42254,-102.662040710449,,,
1338028169.01408,-93.4588317871094,,,1338028169.01408,-102.555038452148,,,
1340211267.60563,-94.6396408081055,,,1340211267.60563,-101.852821350098,,,
1342394366.19718,-96.6161422729492,,,1342394366.19718,-102.48804473877,,,
1344577464.78873,-95.6585540771484,,,1344577464.78873,-102.167945861816,,,
1346760563.38028,-95.3548431396484,,,1346760563.38028,-102.570335388184,,,
1348943661.97183,-95.5631637573242,,,1348943661.97183,-102.729461669922,,,
1351126760.56338,-95.141716003418,,,1351126760.56338,-102.357131958008,,,
1353309859.15493,-95.6895141601563,,,1353309859.15493,-103.634368896484,,,
1355492957.74648,-94.7939147949219,,,1355492957.74648,-102.81470489502,,,
1357676056.33803,-94.1731185913086,,,1357676056.33803,-101.354949951172,,,
1359859154.92958,-94.3112258911133,,,1359859154.92958,-102.801330566406,,,
1362042253.52113,-95.0466003417969,,,1362042253.52113,-102.434501647949,,,
1364225352.11268,-93.0710220336914,,,1364225352.11268,-103.339141845703,,,
1366408450.70423,-95.167724609375,,,1366408450.70423,-103.835250854492,,,
1368591549.29577,-94.6536254882813,,,1368591549.29577,-103.522468566895,,,
1370774647.88732,-94.9769287109375,,,1370774647.88732,-102.504089355469,,,
1372957746.47887,-95.3431549072266,,,1372957746.47887,-101.359268188477,,,
1375140845.07042,-95.4881057739258,,,1375140845.07042,-101.664901733398,,,
1377323943.66197,-93.7133941650391,,,1377323943.66197,-102.38151550293,,,
1379507042.25352,-93.5206832885742,,,1379507042.25352,-100.473693847656,,,
1381690140.84507,-95.2295379638672,,,1381690140.84507,-101.5498046875,,,
1383873239.43662,-94.9812774658203,,,1383873239.43662,-102.354431152344,,,
1386056338.02817,-94.777214050293,,,1386056338.02817,-102.380462646484,,,
1388239436.61972,-92.8797760009766,,,1388239436.61972,-102.295967102051,,,
1390422535.21127,-94.4352645874023,,,1390422535.21127,-102.478492736816,,,
1392605633.80282,-94.3246231079102,,,1392605633.80282,-101.852684020996,,,
1394788732.39437,-95.4553756713867,,,1394788732.39437,-101.386497497559,,,
1396971830.98592,-95.7850875854492,,,1396971830.98592,-102.616180419922,,,
1399154929.57746,-95.6874542236328,,,1399154929.57746,-102.697906494141,,,
1401338028.16901,-96.359489440918,,,1401338028.16901,-103.643821716309,,,
1403521126.76056,-96.6449279785156,,,1403521126.76056,-103.969337463379,,,
1405704225.35211,-95.7233276367188,,,1405704225.35211,-103.349266052246,,,
1407887323.94366,-96.4683456420898,,,1407887323.94366,-104.04719543457,,,
1410070422.53521,-91.2003631591797,,,1410070422.53521,-102.98511505127,,,
1412253521.12676,-94.736946105957,,,1412253521.12676,-103.583366394043,,,
1414436619.71831,-96.0349349975586,,,1414436619.71831,-102.614158630371,,,
1416619718.30986,-93.9008331298828,,,1416619718.30986,-102.553916931152,,,
1418802816.90141,-96.3076629638672,,,1418802816.90141,-103.902824401855,,,
1420985915.49296,-96.4393615722656,,,1420985915.49296,-103.473846435547,,,
1423169014.08451,-96.3960952758789,,,1423169014.08451,-103.274078369141,,,
1425352112.67606,-95.9584808349609,,,1425352112.67606,-103.23511505127,,,
1427535211.26761,-93.9898300170898,,,1427535211.26761,-103.287330627441,,,
1429718309.85915,-94.1795043945313,,,1429718309.85915,-103.161598205566,,,
1431901408.4507,-95.4817123413086,,,1431901408.4507,-102.493507385254,,,
1434084507.04225,-93.2265319824219,,,1434084507.04225,-101.911170959473,,,
1436267605.6338,-95.1364212036133,,,1436267605.6338,-103.281730651855,,,
1438450704.22535,-95.7201309204102,,,1438450704.22535,-103.354278564453,,,
1440633802.8169,-96.0597686767578,,,1440633802.8169,-103.420349121094,,,
1442816901.40845,-97.2109756469727,,,1442816901.40845,-104.756134033203,,,
1445000000,-96.3573226928711,,,1445000000,-102.681442260742,,,
1447183098.59155,-96.0540466308594,,,1447183098.59155,-102.733009338379,,,
1449366197.1831,-96.1792221069336,,,1449366197.1831,-102.9228515625,,,
1451549295.77465,-95.3923873901367,,,1451549295.77465,-102.463905334473,,,
1453732394.3662,-94.3387756347656,,,1453732394.3662,-104.263694763184,,,
1455915492.95775,-95.7324447631836,,,1455915492.95775,-103.49437713623,,,
1458098591.5493,-95.5251617431641,,,1458098591.5493,-104.298965454102,,,
1460281690.14085,-96.4714660644531,,,1460281690.14085,-103.669387817383,,,
1462464788.73239,-96.8379058837891,,,1462464788.73239,-105.048484802246,,,
1464647887.32394,-95.774658203125,,,1464647887.32394,-103.975616455078,,,
1466830985.91549,-96.4451522827148,,,1466830985.91549,-103.666061401367,,,
1469014084.50704,-97.4059295654297,,,1469014084.50704,-103.062606811523,,,
1471197183.09859,-95.7831115722656,,,1471197183.09859,-102.372077941895,,,
1473380281.69014,-95.2344818115234,,,1473380281.69014,-102.427322387695,,,
1475563380.28169,-96.1883163452148,,,1475563380.28169,-103.274543762207,,,
1477746478.87324,-96.4430465698242,,,1477746478.87324,-103.487899780273,,,
1479929577.46479,-96.4457855224609,,,1479929577.46479,-104.257919311523,,,
1482112676.05634,-95.1227111816406,,,1482112676.05634,-103.938011169434,,,
1484295774.64789,-94.7648544311523,,,1484295774.64789,-103.207061767578,,,
1486478873.23944,-94.9983825683594,,,1486478873.23944,-102.25634765625,,,
1488661971.83099,-95.6765823364258,,,1488661971.83099,-102.285758972168,,,
1490845070.42254,-96.6537933349609,,,1490845070.42254,-102.820877075195,,,
1493028169.01408,-95.5235748291016,,,1493028169.01408,-103.190299987793,,,
1495211267.60563,-96.1660003662109,,,1495211267.60563,-102.053443908691,,,
1497394366.19718,-94.6649169921875,,,1497394366.19718,-102.502510070801,,,
1499577464.78873,-94.9062042236328,,,1499577464.78873,-102.717102050781,,,
1501760563.38028,-94.4348297119141,,,1501760563.38028,-103.562637329102,,,
1503943661.97183,-95.6512451171875,,,1503943661.97183,-103.175827026367,,,
1506126760.56338,-95.1320877075195,,,1506126760.56338,-102.829597473145,,,
1508309859.15493,-92.8435363769531,,,1508309859.15493,-102.133644104004,,,
1510492957.74648,-96.1705169677734,,,1510492957.74648,-101.67041015625,,,
1512676056.33803,-94.3258361816406,,,1512676056.33803,-103.294853210449,,,
1514859154.92958,-94.2935409545898,,,1514859154.92958,-102.345237731934,,,
1517042253.52113,-95.1570816040039,,,1517042253.52113,-102.779373168945,,,
1519225352.11268,-96.8058319091797,,,1519225352.11268,-102.996452331543,,,
1521408450.70423,-95.379768371582,,,1521408450.70423,-103.629753112793,,,
1523591549.29577,-95.542366027832,,,1523591549.29577,-104.729110717773,,,
1525774647.88732,-96.8223495483398,,,1525774647.88732,-103.649337768555,,,
1527957746.47887,-95.2650146484375,,,1527957746.47887,-104.723281860352,,,
1530140845.07042,-95.9266128540039,,,1530140845.07042,-104.374519348145,,,
1532323943.66197,-94.0199432373047,,,1532323943.66197,-103.066581726074,,,
1534507042.25352,-96.1338195800781,,,1534507042.25352,-104.870361328125,,,
1536690140.84507,-96.3044586181641,,,1536690140.84507,-102.496139526367,,,
1538873239.43662,-94.5842895507813,,,1538873239.43662,-103.893203735352,,,
1541056338.02817,-96.2631607055664,,,1541056338.02817,-104.302360534668,,,
1543239436.61972,-97.0097808837891,,,1543239436.61972,-103.99787902832,,,
1545422535.21127,-95.580192565918,,,1545422535.21127,-103.682548522949,,,
1547605633.80282,-96.3602294921875,,,1547605633.80282,-103.792030334473,,,
1549788732.39437,-96.7081527709961,,,1549788732.39437,-102.632141113281,,,
1551971830.98592,-95.4258728027344,,,1551971830.98592,-103.457717895508,,,
1554154929.57746,-95.7413558959961,,,1554154929.57746,-102.578018188477,,,
1556338028.16901,-94.9526519775391,,,1556338028.16901,-103.514724731445,,,
1558521126.76056,-96.2954177856445,,,1558521126.76056,-103.122375488281,,,
1560704225.35211,-95.0210418701172,,,1560704225.35211,-105.148551940918,,,
1562887323.94366,-95.2483291625977,,,1562887323.94366,-104.244247436523,,,
1565070422.53521,-95.3538055419922,,,1565070422.53521,-103.78352355957,,,
1567253521.12676,-95.0142059326172,,,1567253521.12676,-104.704727172852,,,
1569436619.71831,-94.0874176025391,,,1569436619.71831,-104.649543762207,,,
1571619718.30986,-96.3012619018555,,,1571619718.30986,-103.393165588379,,,
1573802816.90141,-94.7690277099609,,,1573802816.90141,-102.276542663574,,,
1575985915.49296,-95.9890441894531,,,1575985915.49296,-102.746887207031,,,
1578169014.08451,-96.5368118286133,,,1578169014.08451,-103.775657653809,,,
1580352112.67606,-97.073127746582,,,1580352112.67606,-104.936668395996,,,
1582535211.26761,-96.4781646728516,,,1582535211.26761,-104.984176635742,,,
1584718309.85915,-95.4913711547852,,,1584718309.85915,-104.70719909668,,,
1586901408.4507,-95.8921813964844,,,1586901408.4507,-104.737266540527,,,
1589084507.04225,-96.0742111206055,,,1589084507.04225,-103.944404602051,,,
1591267605.6338,-96.1648254394531,,,1591267605.6338,-104.560791015625,,,
1593450704.22535,-94.7992401123047,,,1593450704.22535,-103.23274230957,,,
1595633802.8169,-94.0929565429688,,,1595633802.8169,-102.976570129395,,,
1597816901.40845,-92.9459915161133,,,1597816901.40845,-103.57275390625,,,
1600000000,-92.9311065673828,,,1600000000,-103.573616027832,,,
